{
  "id": "2365037",
  "name": "life-code",
  "font_family": "iconfont",
  "css_prefix_text": "icon",
  "description": "",
  "glyphs": [
    {
      "icon_id": "20429276",
      "name": "还债1",
      "font_class": "huanzhai1",
      "unicode": "e637",
      "unicode_decimal": 58935
    },
    {
      "icon_id": "20429264",
      "name": "借出1",
      "font_class": "jiechu1",
      "unicode": "e636",
      "unicode_decimal": 58934
    },
    {
      "icon_id": "20428187",
      "name": "还债",
      "font_class": "huanzhai",
      "unicode": "e635",
      "unicode_decimal": 58933
    },
    {
      "icon_id": "20428185",
      "name": "借出",
      "font_class": "jiechu",
      "unicode": "e634",
      "unicode_decimal": 58932
    },
    {
      "icon_id": "20426173",
      "name": "退款",
      "font_class": "tuikuan",
      "unicode": "e632",
      "unicode_decimal": 58930
    },
    {
      "icon_id": "20426131",
      "name": "其他收入",
      "font_class": "qitashouru",
      "unicode": "e630",
      "unicode_decimal": 58928
    },
    {
      "icon_id": "20426003",
      "name": "投资收益",
      "font_class": "touzishouyi",
      "unicode": "e62e",
      "unicode_decimal": 58926
    },
    {
      "icon_id": "20425979",
      "name": "报销收入",
      "font_class": "baoxiaoshouru",
      "unicode": "e62d",
      "unicode_decimal": 58925
    },
    {
      "icon_id": "20425967",
      "name": "意外所得",
      "font_class": "yiwaisuode",
      "unicode": "e62b",
      "unicode_decimal": 58923
    },
    {
      "icon_id": "20425457",
      "name": "利息收入",
      "font_class": "lixishouru",
      "unicode": "e62a",
      "unicode_decimal": 58922
    },
    {
      "icon_id": "20425452",
      "name": "投资回收",
      "font_class": "touzihuishou",
      "unicode": "e629",
      "unicode_decimal": 58921
    },
    {
      "icon_id": "20425053",
      "name": "收债",
      "font_class": "shouzhai",
      "unicode": "e628",
      "unicode_decimal": 58920
    },
    {
      "icon_id": "20424406",
      "name": "借入",
      "font_class": "jieru",
      "unicode": "e627",
      "unicode_decimal": 58919
    },
    {
      "icon_id": "20424275",
      "name": "奖金",
      "font_class": "jiangjin",
      "unicode": "e626",
      "unicode_decimal": 58918
    },
    {
      "icon_id": "20421835",
      "name": "薪资",
      "font_class": "xinzi",
      "unicode": "e623",
      "unicode_decimal": 58915
    },
    {
      "icon_id": "20421352",
      "name": "设置",
      "font_class": "shezhi",
      "unicode": "e622",
      "unicode_decimal": 58914
    },
    {
      "icon_id": "20421162",
      "name": "其他",
      "font_class": "qita",
      "unicode": "e621",
      "unicode_decimal": 58913
    },
    {
      "icon_id": "20420999",
      "name": "利息支出",
      "font_class": "lixizhichu",
      "unicode": "e620",
      "unicode_decimal": 58912
    },
    {
      "icon_id": "20420193",
      "name": "投资亏损",
      "font_class": "touzikuisun",
      "unicode": "e61f",
      "unicode_decimal": 58911
    },
    {
      "icon_id": "20420157",
      "name": "投资",
      "font_class": "touzi",
      "unicode": "e61e",
      "unicode_decimal": 58910
    },
    {
      "icon_id": "20419690",
      "name": "旅行",
      "font_class": "lvhang",
      "unicode": "e61d",
      "unicode_decimal": 58909
    },
    {
      "icon_id": "20419546",
      "name": "医疗",
      "font_class": "yiliao",
      "unicode": "e61c",
      "unicode_decimal": 58908
    },
    {
      "icon_id": "20419436",
      "name": "人情",
      "font_class": "renqing",
      "unicode": "e61b",
      "unicode_decimal": 58907
    },
    {
      "icon_id": "20419237",
      "name": "通讯",
      "font_class": "tongxun",
      "unicode": "e61a",
      "unicode_decimal": 58906
    },
    {
      "icon_id": "20419221",
      "name": "汽车",
      "font_class": "qiche",
      "unicode": "e619",
      "unicode_decimal": 58905
    },
    {
      "icon_id": "20419207",
      "name": "育儿",
      "font_class": "yuer",
      "unicode": "e618",
      "unicode_decimal": 58904
    },
    {
      "icon_id": "20419203",
      "name": "娱乐",
      "font_class": "yule",
      "unicode": "e617",
      "unicode_decimal": 58903
    },
    {
      "icon_id": "20418999",
      "name": "住房",
      "font_class": "zhufang",
      "unicode": "e615",
      "unicode_decimal": 58901
    },
    {
      "icon_id": "20418997",
      "name": "烟酒",
      "font_class": "yanjiu",
      "unicode": "e614",
      "unicode_decimal": 58900
    },
    {
      "icon_id": "20418995",
      "name": "文教",
      "font_class": "wenjiao",
      "unicode": "e613",
      "unicode_decimal": 58899
    },
    {
      "icon_id": "20418987",
      "name": "购物",
      "font_class": "gouwu",
      "unicode": "e612",
      "unicode_decimal": 58898
    },
    {
      "icon_id": "20418986",
      "name": "交通",
      "font_class": "jiaotong",
      "unicode": "e611",
      "unicode_decimal": 58897
    },
    {
      "icon_id": "20418980",
      "name": "餐饮",
      "font_class": "canyin",
      "unicode": "e610",
      "unicode_decimal": 58896
    },
    {
      "icon_id": "13915281",
      "name": "loading",
      "font_class": "dengdai",
      "unicode": "e607",
      "unicode_decimal": 58887
    },
    {
      "icon_id": "17263785",
      "name": "user",
      "font_class": "Serviceusers",
      "unicode": "e605",
      "unicode_decimal": 58885
    },
    {
      "icon_id": "18983398",
      "name": "forget password",
      "font_class": "forgetpassword",
      "unicode": "e606",
      "unicode_decimal": 58886
    },
    {
      "icon_id": "13714377",
      "name": "Ionicons ios radio button on",
      "font_class": "Ioniconsiosradiobuttonon",
      "unicode": "ee65",
      "unicode_decimal": 61029
    },
    {
      "icon_id": "13715544",
      "name": "Ionicons md radio button off",
      "font_class": "Ioniconsmdradiobuttonoff",
      "unicode": "eecd",
      "unicode_decimal": 61133
    },
    {
      "icon_id": "5235581",
      "name": "down",
      "font_class": "down1",
      "unicode": "e60c",
      "unicode_decimal": 58892
    },
    {
      "icon_id": "573267",
      "name": "filter",
      "font_class": "filter",
      "unicode": "e64d",
      "unicode_decimal": 58957
    },
    {
      "icon_id": "3544563",
      "name": "up",
      "font_class": "up",
      "unicode": "e62c",
      "unicode_decimal": 58924
    },
    {
      "icon_id": "14187775",
      "name": "left",
      "font_class": "right-copy",
      "unicode": "e602",
      "unicode_decimal": 58882
    },
    {
      "icon_id": "1692492",
      "name": "人民币",
      "font_class": "renminbi",
      "unicode": "e60a",
      "unicode_decimal": 58890
    },
    {
      "icon_id": "5818646",
      "name": "回删",
      "font_class": "huishan",
      "unicode": "e74b",
      "unicode_decimal": 59211
    },
    {
      "icon_id": "8905065",
      "name": "3507761 - calendar date day event iconoteka note s",
      "font_class": "-calendardatedayeventiconotekanotes",
      "unicode": "e698",
      "unicode_decimal": 59032
    },
    {
      "icon_id": "16576815",
      "name": "x",
      "font_class": "x",
      "unicode": "e87f",
      "unicode_decimal": 59519
    },
    {
      "icon_id": "7508994",
      "name": "rigth",
      "font_class": "rigth",
      "unicode": "e604",
      "unicode_decimal": 58884
    },
    {
      "icon_id": "316759",
      "name": "fork",
      "font_class": "fork",
      "unicode": "e6f2",
      "unicode_decimal": 59122
    },
    {
      "icon_id": "12865480",
      "name": "fork",
      "font_class": "tubiao-",
      "unicode": "e60d",
      "unicode_decimal": 58893
    },
    {
      "icon_id": "15296846",
      "name": "icon_设置",
      "font_class": "icon_shezhi",
      "unicode": "e631",
      "unicode_decimal": 58929
    },
    {
      "icon_id": "15329300",
      "name": "icon_编辑",
      "font_class": "icon_bianji",
      "unicode": "e633",
      "unicode_decimal": 58931
    },
    {
      "icon_id": "16161193",
      "name": "财务费用报账",
      "font_class": "caiwufeiyongbaozhang",
      "unicode": "e66e",
      "unicode_decimal": 58990
    },
    {
      "icon_id": "16161194",
      "name": "单据历史",
      "font_class": "danjulishi",
      "unicode": "e66f",
      "unicode_decimal": 58991
    },
    {
      "icon_id": "16161195",
      "name": "采购合同计量",
      "font_class": "caigouhetongjiliang",
      "unicode": "e670",
      "unicode_decimal": 58992
    },
    {
      "icon_id": "16161196",
      "name": "单据模版",
      "font_class": "danjumoban",
      "unicode": "e671",
      "unicode_decimal": 58993
    },
    {
      "icon_id": "16161197",
      "name": "党组织工作经费",
      "font_class": "dangzuzhigongzuojingfei",
      "unicode": "e672",
      "unicode_decimal": 58994
    },
    {
      "icon_id": "16161198",
      "name": "采购合同支付",
      "font_class": "caigouhetongzhifu",
      "unicode": "e673",
      "unicode_decimal": 58995
    },
    {
      "icon_id": "16161199",
      "name": "费用报销",
      "font_class": "feiyongbaoxiao",
      "unicode": "e674",
      "unicode_decimal": 58996
    },
    {
      "icon_id": "16161200",
      "name": "费用报账",
      "font_class": "feiyongbaozhang",
      "unicode": "e675",
      "unicode_decimal": 58997
    },
    {
      "icon_id": "16161201",
      "name": "电商采购报账",
      "font_class": "dianshangcaigoubaozhang",
      "unicode": "e676",
      "unicode_decimal": 58998
    },
    {
      "icon_id": "16161202",
      "name": "会议费业务申请",
      "font_class": "huiyifeiyewushenqing",
      "unicode": "e677",
      "unicode_decimal": 58999
    },
    {
      "icon_id": "16161203",
      "name": "费用标准",
      "font_class": "feiyongbiaozhun",
      "unicode": "e678",
      "unicode_decimal": 59000
    },
    {
      "icon_id": "16161204",
      "name": "建设合同支付",
      "font_class": "jianshehetongzhifu",
      "unicode": "e679",
      "unicode_decimal": 59001
    },
    {
      "icon_id": "16161205",
      "name": "费用借支",
      "font_class": "feiyongjiezhi",
      "unicode": "e67a",
      "unicode_decimal": 59002
    },
    {
      "icon_id": "16161206",
      "name": "接待费业务",
      "font_class": "jiedaifeiyewu",
      "unicode": "e67b",
      "unicode_decimal": 59003
    },
    {
      "icon_id": "16161207",
      "name": "经营合同支付",
      "font_class": "jingyinghetongzhifu",
      "unicode": "e67c",
      "unicode_decimal": 59004
    },
    {
      "icon_id": "16161208",
      "name": "借支费用还款",
      "font_class": "jiezhifeiyonghuankuan",
      "unicode": "e67d",
      "unicode_decimal": 59005
    },
    {
      "icon_id": "16161209",
      "name": "经营合同计量",
      "font_class": "jingyinghetongjiliang",
      "unicode": "e67e",
      "unicode_decimal": 59006
    },
    {
      "icon_id": "16161210",
      "name": "建设合同计量",
      "font_class": "jianshehetongjiliang",
      "unicode": "e67f",
      "unicode_decimal": 59007
    },
    {
      "icon_id": "16161211",
      "name": "境外差旅",
      "font_class": "jingwaichalv",
      "unicode": "e680",
      "unicode_decimal": 59008
    },
    {
      "icon_id": "16161212",
      "name": "融资业务员报账",
      "font_class": "rongziyewuyuanbaozhang",
      "unicode": "e681",
      "unicode_decimal": 59009
    },
    {
      "icon_id": "16161213",
      "name": "培训费业务申请",
      "font_class": "peixunfeiyewushenqing",
      "unicode": "e682",
      "unicode_decimal": 59010
    },
    {
      "icon_id": "16161214",
      "name": "收款认领",
      "font_class": "shoukuanrenling",
      "unicode": "e683",
      "unicode_decimal": 59011
    },
    {
      "icon_id": "16161215",
      "name": "履约保证金",
      "font_class": "lvyuebaozhengjin",
      "unicode": "e684",
      "unicode_decimal": 59012
    },
    {
      "icon_id": "16161216",
      "name": "通用业务申请",
      "font_class": "tongyongyewushenqing",
      "unicode": "e685",
      "unicode_decimal": 59013
    },
    {
      "icon_id": "16161217",
      "name": "投资业务报账",
      "font_class": "touziyewubaozhang",
      "unicode": "e686",
      "unicode_decimal": 59014
    },
    {
      "icon_id": "16161218",
      "name": "物资采购报账",
      "font_class": "wuzicaigoubaozhang",
      "unicode": "e687",
      "unicode_decimal": 59015
    },
    {
      "icon_id": "16161219",
      "name": "收入确认",
      "font_class": "shouruqueren",
      "unicode": "e688",
      "unicode_decimal": 59016
    },
    {
      "icon_id": "16161220",
      "name": "物资消耗报账",
      "font_class": "wuzixiaohaobaozhang",
      "unicode": "e689",
      "unicode_decimal": 59017
    },
    {
      "icon_id": "16161221",
      "name": "物资盘盈盘亏",
      "font_class": "wuzipanyingpankui",
      "unicode": "e68a",
      "unicode_decimal": 59018
    },
    {
      "icon_id": "16161222",
      "name": "境内差旅费",
      "font_class": "jingneichalvfei",
      "unicode": "e68b",
      "unicode_decimal": 59019
    },
    {
      "icon_id": "16161224",
      "name": "新增资产",
      "font_class": "xinzengzichan",
      "unicode": "e68c",
      "unicode_decimal": 59020
    },
    {
      "icon_id": "16161225",
      "name": "银行重新支付",
      "font_class": "yinhangzhongxinzhifu",
      "unicode": "e68d",
      "unicode_decimal": 59021
    },
    {
      "icon_id": "16161226",
      "name": "预算查询",
      "font_class": "yusuanchaxun",
      "unicode": "e68e",
      "unicode_decimal": 59022
    },
    {
      "icon_id": "16161227",
      "name": "预算调整",
      "font_class": "yusuantiaozheng",
      "unicode": "e68f",
      "unicode_decimal": 59023
    },
    {
      "icon_id": "16161228",
      "name": "资产处置",
      "font_class": "zichanchuzhi",
      "unicode": "e690",
      "unicode_decimal": 59024
    },
    {
      "icon_id": "16161229",
      "name": "智能引导",
      "font_class": "zhinengyindao",
      "unicode": "e691",
      "unicode_decimal": 59025
    },
    {
      "icon_id": "16161230",
      "name": "招标费业务",
      "font_class": "zhaobiaofeiyewu",
      "unicode": "e692",
      "unicode_decimal": 59026
    },
    {
      "icon_id": "16161231",
      "name": "资产价值调整",
      "font_class": "zichanjiazhitiaozheng",
      "unicode": "e693",
      "unicode_decimal": 59027
    },
    {
      "icon_id": "16161232",
      "name": "资产跨组织调拨",
      "font_class": "zichankuazuzhitiaobo",
      "unicode": "e694",
      "unicode_decimal": 59028
    },
    {
      "icon_id": "16161233",
      "name": "资产组织内调拨",
      "font_class": "zichanzuzhineitiaobo",
      "unicode": "e695",
      "unicode_decimal": 59029
    },
    {
      "icon_id": "16161234",
      "name": "自动填报",
      "font_class": "zidongtianbao",
      "unicode": "e696",
      "unicode_decimal": 59030
    },
    {
      "icon_id": "16161235",
      "name": "资金调拨",
      "font_class": "zijintiaobo",
      "unicode": "e697",
      "unicode_decimal": 59031
    },
    {
      "icon_id": "16902977",
      "name": "eidt",
      "font_class": "eidt",
      "unicode": "e603",
      "unicode_decimal": 58883
    },
    {
      "icon_id": "6524070",
      "name": "eye",
      "font_class": "eye",
      "unicode": "e66c",
      "unicode_decimal": 58988
    },
    {
      "icon_id": "7556022",
      "name": "eye",
      "font_class": "eye1",
      "unicode": "e66d",
      "unicode_decimal": 58989
    },
    {
      "icon_id": "725251",
      "name": "report_form",
      "font_class": "reportform",
      "unicode": "e601",
      "unicode_decimal": 58881
    },
    {
      "icon_id": "11955958",
      "name": "bill",
      "font_class": "bill",
      "unicode": "e616",
      "unicode_decimal": 58902
    },
    {
      "icon_id": "17636084",
      "name": "user",
      "font_class": "gerenzhongxin-xuanzhongxin2beifen",
      "unicode": "e66b",
      "unicode_decimal": 58987
    },
    {
      "icon_id": "17739250",
      "name": "home",
      "font_class": "shouye",
      "unicode": "e600",
      "unicode_decimal": 58880
    }
  ]
}
